Test commit at Sun Mar  9 07:06:27 UTC 2025
Test commit at Sun Mar  9 07:06:38 UTC 2025
Test commit at Sun Mar  9 07:06:48 UTC 2025
Test commit at Sun Mar  9 07:06:59 UTC 2025
Test commit at Sun Mar  9 07:07:10 UTC 2025
Test commit at Sun Mar  9 07:07:21 UTC 2025
Test commit at Sun Mar  9 07:07:32 UTC 2025
Test commit at Sun Mar  9 07:07:43 UTC 2025
Test commit at Sun Mar  9 07:07:53 UTC 2025
Test commit at Sun Mar  9 07:08:04 UTC 2025
Test commit #1 at Sun Mar  9 07:12:56 UTC 2025
Test commit #1 at Mon Mar 10 00:53:29 UTC 2025
Test commit #1 at Tue Mar 11 01:02:59 UTC 2025
Test commit #1 at Wed Mar 12 01:02:12 UTC 2025
Test commit #1 at Wed Mar 12 10:18:25 UTC 2025
Test commit #1 at Thu Mar 13 01:03:15 UTC 2025
Automated commit at Thu Mar 13 07:07:06 UTC 2025
Automated commit at Thu Mar 13 08:31:04 UTC 2025
Automated commit at Thu Mar 13 16:15:15 UTC 2025
Automated commit at Fri Mar 14 01:02:18 UTC 2025
Automated commit at Fri Mar 14 08:29:53 UTC 2025
Automated commit at Fri Mar 14 09:59:30 UTC 2025
Automated commit at Fri Mar 14 16:14:21 UTC 2025
Automated commit at Sat Mar 15 01:01:47 UTC 2025
Automated commit at Sat Mar 15 08:28:00 UTC 2025
Automated commit at Sat Mar 15 16:12:50 UTC 2025
Automated commit at Sun Mar 16 01:07:37 UTC 2025
Automated commit at Sun Mar 16 08:27:33 UTC 2025
Automated commit at Sun Mar 16 16:13:19 UTC 2025
Automated commit at Mon Mar 17 01:05:17 UTC 2025
Automated commit at Mon Mar 17 08:32:05 UTC 2025
Automated commit at Mon Mar 17 16:15:44 UTC 2025
Automated commit at Tue Mar 18 01:03:05 UTC 2025
Automated commit at Tue Mar 18 08:31:14 UTC 2025
Automated commit at Tue Mar 18 16:15:29 UTC 2025
Automated commit at Wed Mar 19 01:03:48 UTC 2025
Automated commit at Wed Mar 19 08:31:48 UTC 2025
Automated commit at Wed Mar 19 16:15:11 UTC 2025
Automated commit at Thu Mar 20 01:02:31 UTC 2025
Automated commit at Thu Mar 20 08:31:04 UTC 2025
Automated commit at Thu Mar 20 16:15:29 UTC 2025
Automated commit at Fri Mar 21 01:03:58 UTC 2025
Automated commit at Fri Mar 21 08:30:12 UTC 2025
Automated commit at Fri Mar 21 16:14:58 UTC 2025
Automated commit at Sat Mar 22 01:02:19 UTC 2025
Automated commit at Sat Mar 22 08:27:41 UTC 2025
Automated commit at Sat Mar 22 16:12:54 UTC 2025
Automated commit at Sun Mar 23 01:08:11 UTC 2025
Automated commit at Sun Mar 23 08:27:56 UTC 2025
Automated commit at Sun Mar 23 16:12:59 UTC 2025
Automated commit at Mon Mar 24 01:05:54 UTC 2025
Automated commit at Mon Mar 24 08:32:39 UTC 2025
Automated commit at Mon Mar 24 16:16:05 UTC 2025
Automated commit at Tue Mar 25 01:04:22 UTC 2025
Automated commit at Tue Mar 25 08:31:03 UTC 2025
Automated commit at Tue Mar 25 16:14:04 UTC 2025
Automated commit at Wed Mar 26 01:04:10 UTC 2025
Automated commit at Wed Mar 26 08:32:13 UTC 2025
Automated commit at Wed Mar 26 16:15:55 UTC 2025
Automated commit at Thu Mar 27 01:03:52 UTC 2025
Automated commit at Thu Mar 27 08:31:05 UTC 2025
Automated commit at Thu Mar 27 16:15:23 UTC 2025
Automated commit at Fri Mar 28 01:03:48 UTC 2025
Automated commit at Fri Mar 28 08:31:00 UTC 2025
Automated commit at Fri Mar 28 16:14:41 UTC 2025
Automated commit at Sat Mar 29 01:03:20 UTC 2025
Automated commit at Sat Mar 29 08:28:48 UTC 2025
Automated commit at Sat Mar 29 16:13:33 UTC 2025
Automated commit at Sun Mar 30 01:09:31 UTC 2025
Automated commit at Sun Mar 30 08:28:10 UTC 2025
Automated commit at Sun Mar 30 16:13:09 UTC 2025
Automated commit at Mon Mar 31 01:07:46 UTC 2025
Automated commit at Mon Mar 31 08:33:27 UTC 2025
Automated commit at Mon Mar 31 16:15:18 UTC 2025
Automated commit at Tue Apr  1 01:12:26 UTC 2025
Automated commit at Tue Apr  1 08:32:45 UTC 2025
Automated commit at Tue Apr  1 16:14:17 UTC 2025
Automated commit at Wed Apr  2 01:05:20 UTC 2025
Automated commit at Wed Apr  2 08:33:12 UTC 2025
Automated commit at Wed Apr  2 16:15:48 UTC 2025
Automated commit at Thu Apr  3 01:04:38 UTC 2025
Automated commit at Thu Apr  3 08:32:25 UTC 2025
Automated commit at Thu Apr  3 16:14:45 UTC 2025
Automated commit at Fri Apr  4 01:04:11 UTC 2025
Automated commit at Fri Apr  4 08:31:47 UTC 2025
Automated commit at Fri Apr  4 16:14:37 UTC 2025
Automated commit at Sat Apr  5 01:03:26 UTC 2025
Automated commit at Sat Apr  5 08:27:52 UTC 2025
Automated commit at Sat Apr  5 16:13:11 UTC 2025
Automated commit at Sun Apr  6 01:08:51 UTC 2025
Automated commit at Sun Apr  6 08:29:05 UTC 2025
Automated commit at Sun Apr  6 16:13:07 UTC 2025
Automated commit at Mon Apr  7 01:06:43 UTC 2025
Automated commit at Mon Apr  7 08:33:09 UTC 2025
Automated commit at Mon Apr  7 16:13:50 UTC 2025
Automated commit at Tue Apr  8 01:04:45 UTC 2025
Automated commit at Tue Apr  8 08:33:05 UTC 2025
Automated commit at Tue Apr  8 16:15:39 UTC 2025
Automated commit at Wed Apr  9 01:04:55 UTC 2025
Automated commit at Wed Apr  9 08:34:29 UTC 2025
Automated commit at Wed Apr  9 16:15:43 UTC 2025
Automated commit at Thu Apr 10 01:04:58 UTC 2025
Automated commit at Thu Apr 10 08:32:21 UTC 2025
Automated commit at Thu Apr 10 16:15:33 UTC 2025
Automated commit at Fri Apr 11 01:05:19 UTC 2025
Automated commit at Fri Apr 11 08:32:31 UTC 2025
Automated commit at Fri Apr 11 16:15:10 UTC 2025
Automated commit at Sat Apr 12 01:04:13 UTC 2025
Automated commit at Sat Apr 12 08:28:38 UTC 2025
Automated commit at Sat Apr 12 16:13:49 UTC 2025
Automated commit at Sun Apr 13 02:33:31 UTC 2025
Automated commit at Sun Apr 13 08:28:41 UTC 2025
Automated commit at Sun Apr 13 16:14:05 UTC 2025
Automated commit at Mon Apr 14 01:08:12 UTC 2025
Automated commit at Mon Apr 14 08:33:42 UTC 2025
Automated commit at Mon Apr 14 16:15:38 UTC 2025
Automated commit at Tue Apr 15 01:07:09 UTC 2025
Automated commit at Tue Apr 15 08:33:34 UTC 2025
Automated commit at Tue Apr 15 16:13:50 UTC 2025
Automated commit at Wed Apr 16 01:06:47 UTC 2025
Automated commit at Wed Apr 16 08:33:32 UTC 2025
Automated commit at Wed Apr 16 16:15:56 UTC 2025
Automated commit at Thu Apr 17 01:05:48 UTC 2025
Automated commit at Thu Apr 17 08:32:46 UTC 2025
Automated commit at Thu Apr 17 16:15:28 UTC 2025
Automated commit at Fri Apr 18 01:05:12 UTC 2025
Automated commit at Fri Apr 18 08:31:10 UTC 2025
Automated commit at Fri Apr 18 16:14:51 UTC 2025
Automated commit at Sat Apr 19 01:02:55 UTC 2025
Automated commit at Sat Apr 19 08:28:15 UTC 2025
Automated commit at Sat Apr 19 16:14:24 UTC 2025
Automated commit at Sun Apr 20 01:10:30 UTC 2025
Automated commit at Sun Apr 20 08:27:58 UTC 2025
Automated commit at Sun Apr 20 16:13:41 UTC 2025
Automated commit at Mon Apr 21 01:09:31 UTC 2025
Automated commit at Mon Apr 21 08:33:52 UTC 2025
Automated commit at Mon Apr 21 16:14:47 UTC 2025
Automated commit at Tue Apr 22 01:06:13 UTC 2025
Automated commit at Tue Apr 22 08:33:04 UTC 2025
Automated commit at Tue Apr 22 16:15:29 UTC 2025
Automated commit at Wed Apr 23 01:06:24 UTC 2025
Automated commit at Wed Apr 23 08:32:52 UTC 2025
Automated commit at Wed Apr 23 16:15:51 UTC 2025
Automated commit at Thu Apr 24 01:06:36 UTC 2025
Automated commit at Thu Apr 24 08:33:28 UTC 2025
Automated commit at Thu Apr 24 16:15:43 UTC 2025
Automated commit at Fri Apr 25 01:06:48 UTC 2025
Automated commit at Fri Apr 25 08:33:06 UTC 2025
Automated commit at Fri Apr 25 16:15:10 UTC 2025
Automated commit at Sat Apr 26 01:04:18 UTC 2025
Automated commit at Sat Apr 26 08:29:00 UTC 2025
Automated commit at Sat Apr 26 16:13:26 UTC 2025
Automated commit at Sun Apr 27 01:10:49 UTC 2025
Automated commit at Sun Apr 27 08:29:01 UTC 2025
Automated commit at Sun Apr 27 16:13:37 UTC 2025
Automated commit at Mon Apr 28 01:08:53 UTC 2025
Automated commit at Mon Apr 28 09:26:32 UTC 2025
Automated commit at Mon Apr 28 16:14:56 UTC 2025
Automated commit at Tue Apr 29 01:06:49 UTC 2025
Automated commit at Tue Apr 29 08:34:29 UTC 2025
Automated commit at Tue Apr 29 16:15:26 UTC 2025
Automated commit at Wed Apr 30 01:07:18 UTC 2025
Automated commit at Wed Apr 30 08:33:19 UTC 2025
Automated commit at Wed Apr 30 16:15:27 UTC 2025
Automated commit at Thu May  1 01:13:26 UTC 2025
Automated commit at Thu May  1 08:32:28 UTC 2025
Automated commit at Thu May  1 16:15:42 UTC 2025
Automated commit at Fri May  2 01:07:25 UTC 2025
Automated commit at Fri May  2 08:32:38 UTC 2025
Automated commit at Fri May  2 16:15:09 UTC 2025
Automated commit at Sat May  3 01:05:48 UTC 2025
Automated commit at Sat May  3 08:29:28 UTC 2025
Automated commit at Sat May  3 16:13:39 UTC 2025
Automated commit at Sun May  4 01:14:05 UTC 2025
Automated commit at Sun May  4 08:29:29 UTC 2025
Automated commit at Sun May  4 16:13:46 UTC 2025
Automated commit at Mon May  5 01:10:26 UTC 2025
Automated commit at Mon May  5 08:34:41 UTC 2025
Automated commit at Mon May  5 16:16:35 UTC 2025
Automated commit at Tue May  6 01:07:56 UTC 2025
Automated commit at Tue May  6 08:33:42 UTC 2025
Automated commit at Tue May  6 16:14:54 UTC 2025
Automated commit at Wed May  7 01:08:23 UTC 2025
Automated commit at Wed May  7 08:34:34 UTC 2025
Automated commit at Wed May  7 16:16:27 UTC 2025
Automated commit at Thu May  8 01:08:48 UTC 2025
Automated commit at Thu May  8 08:33:33 UTC 2025
Automated commit at Thu May  8 16:16:01 UTC 2025
Automated commit at Fri May  9 01:08:22 UTC 2025
Automated commit at Fri May  9 08:33:22 UTC 2025
Automated commit at Fri May  9 16:15:23 UTC 2025
Automated commit at Sat May 10 01:05:47 UTC 2025
Automated commit at Sat May 10 08:29:37 UTC 2025
Automated commit at Sat May 10 16:13:49 UTC 2025
Automated commit at Sun May 11 01:12:43 UTC 2025
Automated commit at Sun May 11 08:30:00 UTC 2025
Automated commit at Sun May 11 16:13:38 UTC 2025
Automated commit at Mon May 12 01:11:06 UTC 2025
Automated commit at Mon May 12 08:34:37 UTC 2025
Automated commit at Mon May 12 16:16:19 UTC 2025
Automated commit at Tue May 13 01:09:35 UTC 2025
Automated commit at Tue May 13 08:34:20 UTC 2025
Automated commit at Tue May 13 16:16:22 UTC 2025
Automated commit at Wed May 14 01:08:24 UTC 2025
Automated commit at Wed May 14 08:34:01 UTC 2025
Automated commit at Wed May 14 16:15:45 UTC 2025
Automated commit at Thu May 15 01:06:13 UTC 2025
Automated commit at Thu May 15 08:34:07 UTC 2025
Automated commit at Thu May 15 16:16:17 UTC 2025
Automated commit at Fri May 16 01:09:33 UTC 2025
Automated commit at Fri May 16 08:33:46 UTC 2025
Automated commit at Fri May 16 16:15:29 UTC 2025
Automated commit at Sat May 17 01:07:45 UTC 2025
Automated commit at Sat May 17 08:30:03 UTC 2025
Automated commit at Sat May 17 16:13:58 UTC 2025
Automated commit at Sun May 18 01:13:37 UTC 2025
Automated commit at Sun May 18 08:29:37 UTC 2025
Automated commit at Sun May 18 16:13:26 UTC 2025
Automated commit at Mon May 19 01:12:19 UTC 2025
Automated commit at Mon May 19 08:35:40 UTC 2025
Automated commit at Mon May 19 16:16:05 UTC 2025
Automated commit at Tue May 20 01:10:14 UTC 2025
Automated commit at Tue May 20 08:34:58 UTC 2025
Automated commit at Tue May 20 16:16:19 UTC 2025
Automated commit at Wed May 21 01:09:41 UTC 2025
Automated commit at Wed May 21 08:33:59 UTC 2025
Automated commit at Wed May 21 16:16:26 UTC 2025
Automated commit at Thu May 22 01:09:17 UTC 2025
Automated commit at Thu May 22 08:33:43 UTC 2025
Automated commit at Thu May 22 16:16:12 UTC 2025
Automated commit at Fri May 23 01:09:04 UTC 2025
Automated commit at Fri May 23 08:33:55 UTC 2025
Automated commit at Fri May 23 16:15:13 UTC 2025
Automated commit at Sat May 24 01:06:14 UTC 2025
Automated commit at Sat May 24 08:29:22 UTC 2025
Automated commit at Sat May 24 16:13:30 UTC 2025
Automated commit at Sun May 25 01:15:24 UTC 2025
Automated commit at Sun May 25 08:30:20 UTC 2025
Automated commit at Sun May 25 16:13:45 UTC 2025
Automated commit at Mon May 26 01:11:08 UTC 2025
Automated commit at Mon May 26 08:51:59 UTC 2025
Automated commit at Mon May 26 16:15:04 UTC 2025
Automated commit at Tue May 27 01:08:37 UTC 2025
Automated commit at Tue May 27 08:51:58 UTC 2025
Automated commit at Tue May 27 16:16:31 UTC 2025
Automated commit at Wed May 28 01:10:10 UTC 2025
Automated commit at Wed May 28 08:34:09 UTC 2025
Automated commit at Wed May 28 16:14:38 UTC 2025
Automated commit at Thu May 29 01:09:49 UTC 2025
Automated commit at Thu May 29 08:34:06 UTC 2025
Automated commit at Thu May 29 16:15:55 UTC 2025
Automated commit at Fri May 30 01:07:21 UTC 2025
Automated commit at Fri May 30 08:33:22 UTC 2025
Automated commit at Fri May 30 16:15:57 UTC 2025
Automated commit at Sat May 31 01:08:06 UTC 2025
Automated commit at Sat May 31 08:30:50 UTC 2025
Automated commit at Sat May 31 16:13:48 UTC 2025
Automated commit at Sun Jun  1 01:22:35 UTC 2025
Automated commit at Sun Jun  1 08:31:36 UTC 2025
Automated commit at Sun Jun  1 16:14:15 UTC 2025
Automated commit at Mon Jun  2 01:12:54 UTC 2025
Automated commit at Mon Jun  2 08:35:44 UTC 2025
Automated commit at Mon Jun  2 16:16:40 UTC 2025
Automated commit at Tue Jun  3 01:11:03 UTC 2025
Automated commit at Tue Jun  3 05:42:12 UTC 2025
Automated commit at Tue Jun  3 08:35:45 UTC 2025
Automated commit at Tue Jun  3 16:17:40 UTC 2025
Automated commit at Wed Jun  4 01:10:50 UTC 2025
Automated commit at Wed Jun  4 08:35:02 UTC 2025
Automated commit at Wed Jun  4 16:15:28 UTC 2025
Automated commit at Thu Jun  5 01:10:09 UTC 2025
Automated commit at Thu Jun  5 08:34:17 UTC 2025
Automated commit at Thu Jun  5 16:16:32 UTC 2025
Automated commit at Fri Jun  6 01:10:04 UTC 2025
Automated commit at Fri Jun  6 08:33:30 UTC 2025
Automated commit at Fri Jun  6 16:16:41 UTC 2025
Automated commit at Sat Jun  7 01:09:27 UTC 2025
Automated commit at Sat Jun  7 08:30:33 UTC 2025
Automated commit at Sat Jun  7 16:13:59 UTC 2025
Automated commit at Sun Jun  8 01:16:56 UTC 2025
Automated commit at Sun Jun  8 08:30:26 UTC 2025
Automated commit at Sun Jun  8 16:14:14 UTC 2025
Automated commit at Mon Jun  9 01:14:08 UTC 2025
Automated commit at Mon Jun  9 08:36:15 UTC 2025
Automated commit at Mon Jun  9 16:16:36 UTC 2025
Automated commit at Tue Jun 10 01:11:35 UTC 2025
Automated commit at Tue Jun 10 08:35:15 UTC 2025
Automated commit at Tue Jun 10 16:16:37 UTC 2025
Automated commit at Wed Jun 11 01:11:15 UTC 2025
Automated commit at Wed Jun 11 08:35:08 UTC 2025
Automated commit at Wed Jun 11 16:16:50 UTC 2025
Automated commit at Thu Jun 12 01:10:23 UTC 2025
Automated commit at Thu Jun 12 08:34:51 UTC 2025
Automated commit at Thu Jun 12 16:16:21 UTC 2025
Automated commit at Fri Jun 13 01:11:28 UTC 2025
Automated commit at Fri Jun 13 08:34:20 UTC 2025
Automated commit at Fri Jun 13 16:16:19 UTC 2025
Automated commit at Sat Jun 14 01:08:31 UTC 2025
Automated commit at Sat Jun 14 08:30:28 UTC 2025
Automated commit at Sat Jun 14 16:14:20 UTC 2025
Automated commit at Sun Jun 15 01:18:28 UTC 2025
Automated commit at Sun Jun 15 08:30:38 UTC 2025
Automated commit at Sun Jun 15 16:14:26 UTC 2025
Automated commit at Mon Jun 16 01:13:28 UTC 2025
Automated commit at Mon Jun 16 08:36:04 UTC 2025
Automated commit at Mon Jun 16 16:16:44 UTC 2025
Automated commit at Tue Jun 17 01:11:23 UTC 2025
Automated commit at Tue Jun 17 08:35:16 UTC 2025
Automated commit at Tue Jun 17 16:16:43 UTC 2025
Automated commit at Wed Jun 18 01:10:57 UTC 2025
Automated commit at Wed Jun 18 08:34:47 UTC 2025
Automated commit at Wed Jun 18 16:16:29 UTC 2025
Automated commit at Thu Jun 19 01:11:15 UTC 2025
Automated commit at Thu Jun 19 08:35:01 UTC 2025
Automated commit at Thu Jun 19 16:15:57 UTC 2025
Automated commit at Fri Jun 20 01:10:46 UTC 2025
Automated commit at Fri Jun 20 08:34:16 UTC 2025
Automated commit at Fri Jun 20 16:15:56 UTC 2025
Automated commit at Sat Jun 21 01:09:58 UTC 2025
Automated commit at Sat Jun 21 08:31:28 UTC 2025
Automated commit at Sat Jun 21 16:14:32 UTC 2025
Automated commit at Sun Jun 22 01:17:46 UTC 2025
Automated commit at Sun Jun 22 08:31:31 UTC 2025
Automated commit at Sun Jun 22 16:14:33 UTC 2025
Automated commit at Mon Jun 23 01:15:29 UTC 2025
Automated commit at Mon Jun 23 08:36:22 UTC 2025
Automated commit at Mon Jun 23 16:16:44 UTC 2025
Automated commit at Tue Jun 24 01:11:40 UTC 2025
Automated commit at Tue Jun 24 08:35:47 UTC 2025
Automated commit at Tue Jun 24 16:16:31 UTC 2025
Automated commit at Wed Jun 25 01:12:07 UTC 2025
Automated commit at Wed Jun 25 08:36:00 UTC 2025
Automated commit at Wed Jun 25 16:16:56 UTC 2025
Automated commit at Thu Jun 26 01:11:17 UTC 2025
Automated commit at Thu Jun 26 08:35:18 UTC 2025
Automated commit at Thu Jun 26 16:16:20 UTC 2025
Automated commit at Fri Jun 27 01:12:08 UTC 2025
Automated commit at Fri Jun 27 08:34:46 UTC 2025
Automated commit at Fri Jun 27 16:16:22 UTC 2025
Automated commit at Sat Jun 28 01:09:24 UTC 2025
Automated commit at Sat Jun 28 08:31:23 UTC 2025
Automated commit at Sat Jun 28 16:14:27 UTC 2025
Automated commit at Sun Jun 29 01:19:25 UTC 2025
Automated commit at Sun Jun 29 08:32:09 UTC 2025
Automated commit at Sun Jun 29 16:14:18 UTC 2025
Automated commit at Mon Jun 30 01:16:15 UTC 2025
Automated commit at Mon Jun 30 08:36:14 UTC 2025
Automated commit at Mon Jun 30 16:16:24 UTC 2025
Automated commit at Tue Jul  1 01:19:35 UTC 2025
Automated commit at Tue Jul  1 08:35:40 UTC 2025
Automated commit at Tue Jul  1 16:17:05 UTC 2025
Automated commit at Wed Jul  2 01:11:53 UTC 2025
Automated commit at Wed Jul  2 08:35:38 UTC 2025
Automated commit at Wed Jul  2 16:16:06 UTC 2025
Automated commit at Thu Jul  3 01:11:50 UTC 2025
Automated commit at Thu Jul  3 08:34:36 UTC 2025
Automated commit at Thu Jul  3 16:16:16 UTC 2025
Automated commit at Fri Jul  4 01:11:23 UTC 2025
Automated commit at Fri Jul  4 08:34:47 UTC 2025
Automated commit at Fri Jul  4 16:15:29 UTC 2025
Automated commit at Sat Jul  5 01:08:53 UTC 2025
Automated commit at Sat Jul  5 08:31:56 UTC 2025
Automated commit at Sat Jul  5 16:14:39 UTC 2025
Automated commit at Sun Jul  6 01:18:15 UTC 2025
Automated commit at Sun Jul  6 08:31:35 UTC 2025
Automated commit at Sun Jul  6 16:14:27 UTC 2025
Automated commit at Mon Jul  7 01:16:14 UTC 2025
Automated commit at Mon Jul  7 08:37:03 UTC 2025
Automated commit at Mon Jul  7 16:16:50 UTC 2025
Automated commit at Tue Jul  8 01:12:26 UTC 2025
Automated commit at Tue Jul  8 08:35:42 UTC 2025
Automated commit at Tue Jul  8 16:16:52 UTC 2025
Automated commit at Wed Jul  9 01:13:16 UTC 2025
Automated commit at Wed Jul  9 08:35:53 UTC 2025
Automated commit at Wed Jul  9 16:14:16 UTC 2025
Automated commit at Thu Jul 10 01:13:11 UTC 2025
Automated commit at Thu Jul 10 08:35:41 UTC 2025
Automated commit at Thu Jul 10 16:16:43 UTC 2025
Automated commit at Fri Jul 11 01:13:50 UTC 2025
Automated commit at Fri Jul 11 08:35:51 UTC 2025
Automated commit at Fri Jul 11 16:16:34 UTC 2025
Automated commit at Sat Jul 12 01:15:27 UTC 2025
Automated commit at Sat Jul 12 08:32:00 UTC 2025
Automated commit at Sat Jul 12 16:14:34 UTC 2025
Automated commit at Sun Jul 13 01:20:34 UTC 2025
Automated commit at Sun Jul 13 08:31:49 UTC 2025
Automated commit at Sun Jul 13 16:14:45 UTC 2025
Automated commit at Mon Jul 14 01:17:21 UTC 2025
Automated commit at Mon Jul 14 08:39:19 UTC 2025
Automated commit at Mon Jul 14 16:17:24 UTC 2025
Automated commit at Tue Jul 15 01:17:25 UTC 2025
Automated commit at Tue Jul 15 08:37:13 UTC 2025
Automated commit at Tue Jul 15 16:17:43 UTC 2025
Automated commit at Wed Jul 16 01:15:06 UTC 2025
Automated commit at Wed Jul 16 08:36:54 UTC 2025
Automated commit at Wed Jul 16 16:17:23 UTC 2025
Automated commit at Thu Jul 17 01:15:45 UTC 2025
Automated commit at Thu Jul 17 08:37:01 UTC 2025
Automated commit at Thu Jul 17 16:17:18 UTC 2025
Automated commit at Fri Jul 18 01:15:03 UTC 2025
Automated commit at Fri Jul 18 08:36:43 UTC 2025
Automated commit at Fri Jul 18 16:18:34 UTC 2025
Automated commit at Sat Jul 19 01:13:15 UTC 2025
Automated commit at Sat Jul 19 08:33:26 UTC 2025
Automated commit at Sat Jul 19 16:15:03 UTC 2025
Automated commit at Sun Jul 20 01:22:21 UTC 2025
Automated commit at Sun Jul 20 08:32:57 UTC 2025
Automated commit at Sun Jul 20 16:15:11 UTC 2025
Automated commit at Mon Jul 21 01:19:37 UTC 2025
Automated commit at Mon Jul 21 08:40:11 UTC 2025
Automated commit at Mon Jul 21 16:16:48 UTC 2025
Automated commit at Tue Jul 22 01:15:36 UTC 2025
Automated commit at Tue Jul 22 08:37:47 UTC 2025
Automated commit at Tue Jul 22 16:17:29 UTC 2025
Automated commit at Wed Jul 23 01:16:44 UTC 2025
Automated commit at Wed Jul 23 08:38:02 UTC 2025
Automated commit at Wed Jul 23 16:17:46 UTC 2025
Automated commit at Thu Jul 24 01:15:49 UTC 2025
Automated commit at Thu Jul 24 08:37:30 UTC 2025
Automated commit at Thu Jul 24 16:16:10 UTC 2025
Automated commit at Fri Jul 25 01:15:28 UTC 2025
Automated commit at Fri Jul 25 08:36:20 UTC 2025
Automated commit at Fri Jul 25 16:17:21 UTC 2025
Automated commit at Sat Jul 26 01:13:57 UTC 2025
Automated commit at Sat Jul 26 08:33:18 UTC 2025
Automated commit at Sat Jul 26 16:15:21 UTC 2025
Automated commit at Sun Jul 27 01:22:30 UTC 2025
Automated commit at Sun Jul 27 08:33:28 UTC 2025
Automated commit at Sun Jul 27 16:15:29 UTC 2025
Automated commit at Mon Jul 28 01:20:58 UTC 2025
Automated commit at Mon Jul 28 08:39:29 UTC 2025
Automated commit at Mon Jul 28 16:18:24 UTC 2025
Automated commit at Tue Jul 29 01:24:28 UTC 2025
Automated commit at Tue Jul 29 08:38:21 UTC 2025
Automated commit at Tue Jul 29 16:16:54 UTC 2025
Automated commit at Wed Jul 30 01:17:28 UTC 2025
Automated commit at Wed Jul 30 08:38:27 UTC 2025
Automated commit at Wed Jul 30 16:17:56 UTC 2025
Automated commit at Thu Jul 31 01:17:03 UTC 2025
Automated commit at Thu Jul 31 08:38:30 UTC 2025
Automated commit at Thu Jul 31 16:18:03 UTC 2025
Automated commit at Fri Aug  1 01:24:39 UTC 2025
Automated commit at Fri Aug  1 08:38:00 UTC 2025
Automated commit at Fri Aug  1 16:17:56 UTC 2025
Automated commit at Sat Aug  2 01:13:45 UTC 2025
Automated commit at Sat Aug  2 08:33:53 UTC 2025
Automated commit at Sat Aug  2 16:15:18 UTC 2025
Automated commit at Sun Aug  3 01:23:39 UTC 2025
Automated commit at Sun Aug  3 08:33:56 UTC 2025
Automated commit at Sun Aug  3 16:15:45 UTC 2025
Automated commit at Mon Aug  4 01:22:34 UTC 2025
Automated commit at Mon Aug  4 08:39:12 UTC 2025
Automated commit at Mon Aug  4 16:19:23 UTC 2025
Automated commit at Tue Aug  5 01:18:58 UTC 2025
Automated commit at Tue Aug  5 08:39:15 UTC 2025
Automated commit at Tue Aug  5 16:14:59 UTC 2025
Automated commit at Wed Aug  6 01:17:25 UTC 2025
Automated commit at Wed Aug  6 08:38:44 UTC 2025
Automated commit at Wed Aug  6 16:18:31 UTC 2025
Automated commit at Thu Aug  7 01:18:10 UTC 2025
Automated commit at Thu Aug  7 08:38:41 UTC 2025
Automated commit at Thu Aug  7 16:18:13 UTC 2025
Automated commit at Fri Aug  8 01:17:40 UTC 2025
Automated commit at Fri Aug  8 08:38:24 UTC 2025
Automated commit at Fri Aug  8 16:15:58 UTC 2025
Automated commit at Sat Aug  9 01:11:29 UTC 2025
Automated commit at Sat Aug  9 08:33:07 UTC 2025
Automated commit at Sat Aug  9 16:15:12 UTC 2025
Automated commit at Sun Aug 10 01:21:20 UTC 2025
Automated commit at Sun Aug 10 08:33:08 UTC 2025
Automated commit at Sun Aug 10 16:15:28 UTC 2025
Automated commit at Mon Aug 11 01:18:18 UTC 2025
Automated commit at Mon Aug 11 08:38:56 UTC 2025
Automated commit at Mon Aug 11 16:17:27 UTC 2025
Automated commit at Tue Aug 12 01:10:36 UTC 2025
Automated commit at Tue Aug 12 08:35:16 UTC 2025
Automated commit at Tue Aug 12 16:16:55 UTC 2025
Automated commit at Wed Aug 13 01:12:12 UTC 2025
Automated commit at Wed Aug 13 08:36:27 UTC 2025
Automated commit at Wed Aug 13 16:13:18 UTC 2025
Automated commit at Thu Aug 14 01:12:39 UTC 2025
Automated commit at Thu Aug 14 08:36:47 UTC 2025
Automated commit at Thu Aug 14 16:17:34 UTC 2025
Automated commit at Fri Aug 15 01:12:57 UTC 2025
Automated commit at Fri Aug 15 08:34:46 UTC 2025
Automated commit at Fri Aug 15 16:16:11 UTC 2025
Automated commit at Sat Aug 16 01:09:22 UTC 2025
Automated commit at Sat Aug 16 08:32:13 UTC 2025
Automated commit at Sat Aug 16 16:14:15 UTC 2025
Automated commit at Sun Aug 17 01:17:33 UTC 2025
Automated commit at Sun Aug 17 08:33:05 UTC 2025
Automated commit at Sun Aug 17 16:14:41 UTC 2025
Automated commit at Mon Aug 18 01:16:48 UTC 2025
Automated commit at Mon Aug 18 08:37:39 UTC 2025
Automated commit at Mon Aug 18 16:17:06 UTC 2025
Automated commit at Tue Aug 19 01:09:30 UTC 2025
Automated commit at Tue Aug 19 08:34:37 UTC 2025
Automated commit at Tue Aug 19 16:16:11 UTC 2025
Automated commit at Wed Aug 20 01:07:06 UTC 2025
Automated commit at Wed Aug 20 08:33:55 UTC 2025
Automated commit at Wed Aug 20 16:15:53 UTC 2025
Automated commit at Thu Aug 21 01:06:15 UTC 2025
Automated commit at Thu Aug 21 08:33:33 UTC 2025
Automated commit at Fri Aug 22 01:07:16 UTC 2025
Automated commit at Fri Aug 22 08:33:37 UTC 2025
Automated commit at Fri Aug 22 16:15:13 UTC 2025
Automated commit at Sat Aug 23 01:04:58 UTC 2025
Automated commit at Sat Aug 23 08:30:19 UTC 2025
Automated commit at Sat Aug 23 16:13:12 UTC 2025
Automated commit at Sun Aug 24 01:14:36 UTC 2025
Automated commit at Sun Aug 24 08:29:49 UTC 2025
Automated commit at Sun Aug 24 16:13:52 UTC 2025
Automated commit at Mon Aug 25 01:10:16 UTC 2025
Automated commit at Mon Aug 25 08:35:59 UTC 2025
Automated commit at Mon Aug 25 16:15:55 UTC 2025
Automated commit at Tue Aug 26 01:08:25 UTC 2025
Automated commit at Tue Aug 26 08:35:02 UTC 2025
Automated commit at Tue Aug 26 16:15:23 UTC 2025
Automated commit at Wed Aug 27 01:05:48 UTC 2025
Automated commit at Wed Aug 27 08:32:53 UTC 2025
Automated commit at Wed Aug 27 16:15:26 UTC 2025
Automated commit at Thu Aug 28 01:05:06 UTC 2025
Automated commit at Thu Aug 28 08:33:01 UTC 2025
Automated commit at Thu Aug 28 16:15:46 UTC 2025
Automated commit at Fri Aug 29 01:05:26 UTC 2025
Automated commit at Fri Aug 29 08:32:52 UTC 2025
Automated commit at Fri Aug 29 16:15:06 UTC 2025
Automated commit at Sat Aug 30 01:02:20 UTC 2025
Automated commit at Sat Aug 30 08:28:58 UTC 2025
Automated commit at Sat Aug 30 16:13:19 UTC 2025
Automated commit at Sun Aug 31 01:09:58 UTC 2025
Automated commit at Sun Aug 31 08:28:34 UTC 2025
Automated commit at Sun Aug 31 16:13:26 UTC 2025
Automated commit at Mon Sep  1 01:16:30 UTC 2025
Automated commit at Mon Sep  1 08:35:14 UTC 2025
Automated commit at Mon Sep  1 16:14:52 UTC 2025
Automated commit at Tue Sep  2 01:06:33 UTC 2025
Automated commit at Tue Sep  2 08:33:47 UTC 2025
Automated commit at Tue Sep  2 16:15:30 UTC 2025
Automated commit at Wed Sep  3 01:02:18 UTC 2025
Automated commit at Wed Sep  3 08:32:13 UTC 2025
Automated commit at Wed Sep  3 16:14:50 UTC 2025
Automated commit at Thu Sep  4 01:02:14 UTC 2025
Automated commit at Thu Sep  4 08:32:05 UTC 2025
Automated commit at Thu Sep  4 16:15:09 UTC 2025
Automated commit at Fri Sep  5 01:03:49 UTC 2025
Automated commit at Fri Sep  5 08:31:48 UTC 2025
Automated commit at Fri Sep  5 16:14:59 UTC 2025
Automated commit at Sat Sep  6 01:02:11 UTC 2025
Automated commit at Sat Sep  6 08:27:31 UTC 2025
Automated commit at Sat Sep  6 16:13:12 UTC 2025
Automated commit at Sun Sep  7 01:09:07 UTC 2025
Automated commit at Sun Sep  7 08:27:26 UTC 2025
Automated commit at Sun Sep  7 16:13:12 UTC 2025
Automated commit at Mon Sep  8 01:07:30 UTC 2025
Automated commit at Mon Sep  8 08:35:24 UTC 2025
Automated commit at Mon Sep  8 16:14:21 UTC 2025
Automated commit at Tue Sep  9 01:04:55 UTC 2025
Automated commit at Tue Sep  9 08:33:42 UTC 2025
Automated commit at Tue Sep  9 16:15:49 UTC 2025
Automated commit at Wed Sep 10 01:03:03 UTC 2025
Automated commit at Wed Sep 10 08:33:15 UTC 2025
Automated commit at Wed Sep 10 16:15:10 UTC 2025
Automated commit at Thu Sep 11 01:04:35 UTC 2025
Automated commit at Thu Sep 11 08:31:55 UTC 2025
Automated commit at Thu Sep 11 16:15:06 UTC 2025
Automated commit at Fri Sep 12 01:02:09 UTC 2025
Automated commit at Fri Sep 12 08:31:39 UTC 2025
Automated commit at Fri Sep 12 16:12:48 UTC 2025
Automated commit at Sat Sep 13 00:59:35 UTC 2025
Automated commit at Sat Sep 13 08:27:51 UTC 2025
Automated commit at Sat Sep 13 16:12:20 UTC 2025
Automated commit at Sun Sep 14 01:08:25 UTC 2025
Automated commit at Sun Sep 14 08:28:11 UTC 2025
Automated commit at Sun Sep 14 16:12:15 UTC 2025
Automated commit at Mon Sep 15 01:08:34 UTC 2025
Automated commit at Mon Sep 15 08:33:13 UTC 2025
Automated commit at Mon Sep 15 16:15:25 UTC 2025
Automated commit at Tue Sep 16 01:03:05 UTC 2025
Automated commit at Tue Sep 16 08:33:21 UTC 2025
Automated commit at Tue Sep 16 16:15:34 UTC 2025
Automated commit at Wed Sep 17 01:02:37 UTC 2025
Automated commit at Wed Sep 17 08:32:33 UTC 2025
Automated commit at Wed Sep 17 16:15:35 UTC 2025
Automated commit at Thu Sep 18 01:02:41 UTC 2025
Automated commit at Thu Sep 18 08:32:06 UTC 2025
Automated commit at Thu Sep 18 16:14:44 UTC 2025
Automated commit at Fri Sep 19 01:05:10 UTC 2025
Automated commit at Fri Sep 19 08:32:21 UTC 2025
Automated commit at Fri Sep 19 16:14:40 UTC 2025
Automated commit at Sat Sep 20 01:01:39 UTC 2025
Automated commit at Sat Sep 20 08:29:19 UTC 2025
Automated commit at Sat Sep 20 16:13:21 UTC 2025
Automated commit at Sun Sep 21 01:09:54 UTC 2025
Automated commit at Sun Sep 21 08:27:27 UTC 2025
Automated commit at Sun Sep 21 16:13:17 UTC 2025
Automated commit at Mon Sep 22 01:09:28 UTC 2025
Automated commit at Mon Sep 22 08:34:25 UTC 2025
Automated commit at Mon Sep 22 16:15:28 UTC 2025
Automated commit at Tue Sep 23 01:03:02 UTC 2025
Automated commit at Tue Sep 23 08:32:24 UTC 2025
Automated commit at Tue Sep 23 16:15:46 UTC 2025
Automated commit at Wed Sep 24 01:03:52 UTC 2025
Automated commit at Wed Sep 24 08:33:59 UTC 2025
Automated commit at Wed Sep 24 16:15:58 UTC 2025
Automated commit at Thu Sep 25 01:04:13 UTC 2025
Automated commit at Thu Sep 25 08:33:02 UTC 2025
Automated commit at Thu Sep 25 16:15:16 UTC 2025
Automated commit at Fri Sep 26 01:04:11 UTC 2025
Automated commit at Fri Sep 26 08:33:09 UTC 2025
Automated commit at Fri Sep 26 16:15:04 UTC 2025
Automated commit at Sat Sep 27 01:01:37 UTC 2025
Automated commit at Sat Sep 27 08:28:18 UTC 2025
Automated commit at Sat Sep 27 16:13:06 UTC 2025
Automated commit at Sun Sep 28 01:10:50 UTC 2025
Automated commit at Sun Sep 28 08:28:30 UTC 2025
Automated commit at Sun Sep 28 16:13:19 UTC 2025
Automated commit at Mon Sep 29 01:05:56 UTC 2025
Automated commit at Mon Sep 29 08:35:52 UTC 2025
Automated commit at Mon Sep 29 16:13:22 UTC 2025
Automated commit at Tue Sep 30 01:05:25 UTC 2025
Automated commit at Tue Sep 30 08:34:39 UTC 2025
Automated commit at Tue Sep 30 16:15:57 UTC 2025
Automated commit at Wed Oct  1 01:12:14 UTC 2025
Automated commit at Wed Oct  1 08:33:39 UTC 2025
Automated commit at Wed Oct  1 16:15:38 UTC 2025
Automated commit at Thu Oct  2 01:02:55 UTC 2025
Automated commit at Thu Oct  2 08:32:13 UTC 2025
Automated commit at Thu Oct  2 16:14:52 UTC 2025
Automated commit at Fri Oct  3 01:02:56 UTC 2025
Automated commit at Fri Oct  3 08:31:42 UTC 2025
Automated commit at Fri Oct  3 16:14:22 UTC 2025
Automated commit at Sat Oct  4 01:00:21 UTC 2025
Automated commit at Sat Oct  4 08:28:38 UTC 2025
Automated commit at Sat Oct  4 16:13:31 UTC 2025
Automated commit at Sun Oct  5 01:09:58 UTC 2025
Automated commit at Sun Oct  5 08:27:59 UTC 2025
Automated commit at Sun Oct  5 16:13:15 UTC 2025
Automated commit at Mon Oct  6 01:04:53 UTC 2025
Automated commit at Mon Oct  6 08:33:32 UTC 2025
Automated commit at Mon Oct  6 16:15:19 UTC 2025
Automated commit at Tue Oct  7 01:03:52 UTC 2025
Automated commit at Tue Oct  7 08:33:19 UTC 2025
Automated commit at Tue Oct  7 16:15:20 UTC 2025
Automated commit at Wed Oct  8 01:03:26 UTC 2025
Automated commit at Wed Oct  8 08:33:43 UTC 2025
Automated commit at Wed Oct  8 16:15:47 UTC 2025
Automated commit at Thu Oct  9 01:04:21 UTC 2025
Automated commit at Thu Oct  9 08:33:35 UTC 2025
Automated commit at Thu Oct  9 16:16:51 UTC 2025
Automated commit at Fri Oct 10 01:04:01 UTC 2025
Automated commit at Fri Oct 10 08:33:00 UTC 2025
Automated commit at Fri Oct 10 16:15:31 UTC 2025
Automated commit at Sat Oct 11 01:01:36 UTC 2025
Automated commit at Sat Oct 11 08:28:43 UTC 2025
Automated commit at Sat Oct 11 16:13:05 UTC 2025
Automated commit at Sun Oct 12 01:07:11 UTC 2025
Automated commit at Sun Oct 12 08:29:00 UTC 2025
Automated commit at Sun Oct 12 16:13:30 UTC 2025
Automated commit at Mon Oct 13 01:08:56 UTC 2025
Automated commit at Mon Oct 13 08:36:16 UTC 2025
Automated commit at Mon Oct 13 16:15:57 UTC 2025
Automated commit at Tue Oct 14 01:04:13 UTC 2025
Automated commit at Tue Oct 14 08:32:18 UTC 2025
Automated commit at Tue Oct 14 16:16:13 UTC 2025
Automated commit at Wed Oct 15 01:06:01 UTC 2025
Automated commit at Wed Oct 15 08:35:17 UTC 2025
Automated commit at Wed Oct 15 16:13:33 UTC 2025
Automated commit at Thu Oct 16 01:05:34 UTC 2025
Automated commit at Thu Oct 16 08:35:24 UTC 2025
Automated commit at Thu Oct 16 16:16:48 UTC 2025
Automated commit at Fri Oct 17 01:05:02 UTC 2025
Automated commit at Fri Oct 17 08:33:50 UTC 2025
Automated commit at Fri Oct 17 16:15:06 UTC 2025
Automated commit at Sat Oct 18 01:02:23 UTC 2025
Automated commit at Sat Oct 18 08:30:20 UTC 2025
Automated commit at Sat Oct 18 16:13:49 UTC 2025
Automated commit at Sun Oct 19 01:12:59 UTC 2025
Automated commit at Sun Oct 19 08:28:50 UTC 2025
Automated commit at Sun Oct 19 16:13:29 UTC 2025
Automated commit at Mon Oct 20 01:10:48 UTC 2025
Automated commit at Mon Oct 20 08:34:22 UTC 2025
Automated commit at Mon Oct 20 16:15:49 UTC 2025
Automated commit at Tue Oct 21 01:07:43 UTC 2025
Automated commit at Tue Oct 21 08:35:51 UTC 2025
Automated commit at Tue Oct 21 16:18:56 UTC 2025
Automated commit at Wed Oct 22 01:08:45 UTC 2025
Automated commit at Wed Oct 22 08:36:28 UTC 2025
Automated commit at Wed Oct 22 16:17:14 UTC 2025
Automated commit at Thu Oct 23 01:06:44 UTC 2025
Automated commit at Thu Oct 23 08:35:15 UTC 2025
Automated commit at Thu Oct 23 16:16:13 UTC 2025
Automated commit at Fri Oct 24 01:02:52 UTC 2025
Automated commit at Fri Oct 24 08:33:45 UTC 2025
Automated commit at Fri Oct 24 16:15:46 UTC 2025
Automated commit at Sat Oct 25 01:04:45 UTC 2025
Automated commit at Sat Oct 25 08:29:36 UTC 2025
Automated commit at Sat Oct 25 16:13:57 UTC 2025
Automated commit at Sun Oct 26 01:11:16 UTC 2025
Automated commit at Sun Oct 26 08:29:57 UTC 2025
Automated commit at Sun Oct 26 16:14:00 UTC 2025
Automated commit at Mon Oct 27 01:13:01 UTC 2025
Automated commit at Mon Oct 27 08:35:29 UTC 2025
Automated commit at Mon Oct 27 16:16:54 UTC 2025
Automated commit at Tue Oct 28 01:05:35 UTC 2025
Automated commit at Tue Oct 28 08:35:10 UTC 2025
Automated commit at Tue Oct 28 16:17:28 UTC 2025
Automated commit at Wed Oct 29 01:10:12 UTC 2025
Automated commit at Wed Oct 29 08:35:39 UTC 2025
Automated commit at Wed Oct 29 16:17:24 UTC 2025
Automated commit at Thu Oct 30 01:09:55 UTC 2025
Automated commit at Thu Oct 30 08:33:52 UTC 2025
Automated commit at Thu Oct 30 16:17:25 UTC 2025
Automated commit at Fri Oct 31 01:07:52 UTC 2025
Automated commit at Fri Oct 31 08:33:30 UTC 2025
Automated commit at Fri Oct 31 16:15:58 UTC 2025
Automated commit at Sat Nov  1 01:11:28 UTC 2025
Automated commit at Sat Nov  1 08:29:48 UTC 2025
Automated commit at Sat Nov  1 16:13:15 UTC 2025
Automated commit at Sun Nov  2 01:12:24 UTC 2025
Automated commit at Sun Nov  2 08:28:49 UTC 2025
Automated commit at Sun Nov  2 16:13:27 UTC 2025
Automated commit at Mon Nov  3 01:11:26 UTC 2025
Automated commit at Mon Nov  3 08:36:28 UTC 2025
Automated commit at Mon Nov  3 16:15:59 UTC 2025
Automated commit at Tue Nov  4 01:08:26 UTC 2025
Automated commit at Tue Nov  4 08:35:54 UTC 2025
Automated commit at Tue Nov  4 16:16:22 UTC 2025
Automated commit at Wed Nov  5 01:10:02 UTC 2025
Automated commit at Wed Nov  5 08:35:43 UTC 2025
Automated commit at Wed Nov  5 16:17:06 UTC 2025
Automated commit at Thu Nov  6 01:09:06 UTC 2025
Automated commit at Thu Nov  6 08:35:17 UTC 2025
Automated commit at Thu Nov  6 16:17:09 UTC 2025
Automated commit at Fri Nov  7 01:08:41 UTC 2025
Automated commit at Fri Nov  7 08:35:05 UTC 2025
Automated commit at Fri Nov  7 16:13:47 UTC 2025
Automated commit at Sat Nov  8 01:05:15 UTC 2025
Automated commit at Sat Nov  8 08:30:42 UTC 2025
Automated commit at Sat Nov  8 16:13:55 UTC 2025
Automated commit at Sun Nov  9 01:12:03 UTC 2025
Automated commit at Sun Nov  9 08:29:13 UTC 2025
Automated commit at Sun Nov  9 16:13:40 UTC 2025
Automated commit at Mon Nov 10 01:11:59 UTC 2025
Automated commit at Mon Nov 10 08:36:23 UTC 2025
Automated commit at Mon Nov 10 16:17:16 UTC 2025
Automated commit at Tue Nov 11 01:10:03 UTC 2025
Automated commit at Tue Nov 11 08:34:39 UTC 2025
Automated commit at Tue Nov 11 16:16:39 UTC 2025
Automated commit at Wed Nov 12 01:09:24 UTC 2025
Automated commit at Wed Nov 12 08:35:52 UTC 2025
Automated commit at Wed Nov 12 16:18:26 UTC 2025
Automated commit at Thu Nov 13 01:09:48 UTC 2025
Automated commit at Thu Nov 13 08:35:06 UTC 2025
Automated commit at Thu Nov 13 16:16:53 UTC 2025
Automated commit at Fri Nov 14 01:09:29 UTC 2025
Automated commit at Fri Nov 14 08:34:31 UTC 2025
Automated commit at Fri Nov 14 16:16:39 UTC 2025
Automated commit at Sat Nov 15 01:07:29 UTC 2025
Automated commit at Sat Nov 15 08:30:54 UTC 2025
Automated commit at Sat Nov 15 16:13:23 UTC 2025
Automated commit at Sun Nov 16 01:13:57 UTC 2025
Automated commit at Sun Nov 16 08:31:34 UTC 2025
Automated commit at Sun Nov 16 16:13:54 UTC 2025
Automated commit at Mon Nov 17 01:10:17 UTC 2025
Automated commit at Mon Nov 17 08:37:35 UTC 2025
Automated commit at Mon Nov 17 16:18:07 UTC 2025
Automated commit at Tue Nov 18 01:09:29 UTC 2025
Automated commit at Tue Nov 18 08:35:37 UTC 2025
Automated commit at Tue Nov 18 16:18:10 UTC 2025
Automated commit at Wed Nov 19 01:09:08 UTC 2025
Automated commit at Wed Nov 19 08:35:15 UTC 2025
Automated commit at Wed Nov 19 16:17:44 UTC 2025
Automated commit at Thu Nov 20 01:07:43 UTC 2025
Automated commit at Thu Nov 20 08:36:19 UTC 2025
Automated commit at Thu Nov 20 16:17:12 UTC 2025
Automated commit at Fri Nov 21 01:08:37 UTC 2025
Automated commit at Fri Nov 21 08:36:22 UTC 2025
Automated commit at Fri Nov 21 16:17:05 UTC 2025
Automated commit at Sat Nov 22 01:06:00 UTC 2025
Automated commit at Sat Nov 22 08:31:53 UTC 2025
Automated commit at Sat Nov 22 16:14:37 UTC 2025
Automated commit at Sun Nov 23 01:18:21 UTC 2025
Automated commit at Sun Nov 23 08:32:08 UTC 2025
Automated commit at Sun Nov 23 16:14:30 UTC 2025
Automated commit at Mon Nov 24 01:13:50 UTC 2025
Automated commit at Mon Nov 24 08:37:48 UTC 2025
Automated commit at Mon Nov 24 16:14:50 UTC 2025
Automated commit at Tue Nov 25 01:09:06 UTC 2025
Automated commit at Tue Nov 25 08:36:38 UTC 2025
Automated commit at Tue Nov 25 16:18:01 UTC 2025
Automated commit at Wed Nov 26 01:09:40 UTC 2025
Automated commit at Wed Nov 26 08:36:15 UTC 2025
Automated commit at Wed Nov 26 16:17:11 UTC 2025
Automated commit at Thu Nov 27 01:08:24 UTC 2025
Automated commit at Thu Nov 27 08:36:19 UTC 2025
Automated commit at Thu Nov 27 16:16:42 UTC 2025
Automated commit at Fri Nov 28 01:07:10 UTC 2025
Automated commit at Fri Nov 28 08:36:27 UTC 2025
Automated commit at Fri Nov 28 16:16:08 UTC 2025
Automated commit at Sat Nov 29 01:07:43 UTC 2025
Automated commit at Sat Nov 29 08:33:27 UTC 2025
Automated commit at Sat Nov 29 16:15:00 UTC 2025
Automated commit at Sun Nov 30 01:18:00 UTC 2025
Automated commit at Sun Nov 30 08:31:40 UTC 2025
Automated commit at Sun Nov 30 16:15:01 UTC 2025
Automated commit at Mon Dec  1 01:22:28 UTC 2025
Automated commit at Mon Dec  1 08:39:57 UTC 2025
Automated commit at Mon Dec  1 16:19:21 UTC 2025
Automated commit at Tue Dec  2 01:10:57 UTC 2025
Automated commit at Tue Dec  2 08:38:37 UTC 2025
Automated commit at Tue Dec  2 16:18:47 UTC 2025
Automated commit at Wed Dec  3 01:11:23 UTC 2025
Automated commit at Wed Dec  3 08:38:09 UTC 2025
Automated commit at Wed Dec  3 16:19:41 UTC 2025
Automated commit at Thu Dec  4 01:10:57 UTC 2025
Automated commit at Thu Dec  4 08:37:46 UTC 2025
Automated commit at Thu Dec  4 16:19:12 UTC 2025
Automated commit at Fri Dec  5 01:11:36 UTC 2025
Automated commit at Fri Dec  5 08:36:06 UTC 2025
Automated commit at Fri Dec  5 16:17:35 UTC 2025
Automated commit at Sat Dec  6 01:07:53 UTC 2025
Automated commit at Sat Dec  6 08:33:14 UTC 2025
Automated commit at Sat Dec  6 16:14:46 UTC 2025
Automated commit at Sun Dec  7 01:18:09 UTC 2025
Automated commit at Sun Dec  7 08:32:28 UTC 2025
Automated commit at Sun Dec  7 16:14:24 UTC 2025
Automated commit at Mon Dec  8 01:11:34 UTC 2025
Automated commit at Mon Dec  8 08:39:54 UTC 2025
Automated commit at Mon Dec  8 16:18:32 UTC 2025
Automated commit at Tue Dec  9 01:11:10 UTC 2025
Automated commit at Tue Dec  9 08:39:02 UTC 2025
Automated commit at Tue Dec  9 16:18:59 UTC 2025
Automated commit at Wed Dec 10 01:13:02 UTC 2025
Automated commit at Wed Dec 10 08:38:14 UTC 2025
Automated commit at Wed Dec 10 16:19:47 UTC 2025
Automated commit at Thu Dec 11 01:13:44 UTC 2025
Automated commit at Thu Dec 11 08:38:36 UTC 2025
Automated commit at Thu Dec 11 16:20:33 UTC 2025
Automated commit at Fri Dec 12 01:13:39 UTC 2025
Automated commit at Fri Dec 12 08:38:54 UTC 2025
Automated commit at Fri Dec 12 16:16:32 UTC 2025
